
{
    "code": 200,
    "message": "查询成功",
    "result": [
        {
            "bankserial": "002",
            "bank_name": "工商银行",
            "quota": "单笔限额5万， 单日限额10万",
            "bankimage": "https://testapp.xinhucaifu.com/Public/images/002.png"
        },
        {
            "bankserial": "003",
            "bank_name": "农业银行",
            "quota": "单笔限额5千，单日限额5千",
            "bankimage": "https://testapp.xinhucaifu.com/Public/images/003.png"
        },
        {
            "bankserial": "004",
            "bank_name": "中国银行",
            "quota": "单笔限额5万， 单日限额5万",
            "bankimage": "https://testapp.xinhucaifu.com/Public/images/004.png"
        },
        {
            "bankserial": "005",
            "bank_name": "建设银行",
            "quota": "单笔限额20万， 单日限额20万",
            "bankimage": "https://testapp.xinhucaifu.com/Public/images/005.png"
        },
        {
            "bankserial": "006",
            "bank_name": "交通银行",
            "quota": "单笔限额20万，单日限额20万",
            "bankimage": "https://testapp.xinhucaifu.com/Public/images/006.png"
        },
        {
            "bankserial": "007",
            "bank_name": "招商银行",
            "quota": "单笔限额5千，单日限额5千",
            "bankimage": "https://testapp.xinhucaifu.com/Public/images/007.png"
        },
        {
            "bankserial": "009",
            "bank_name": "光大银行",
            "quota": "单笔限额1万， 单日限额5万",
            "bankimage": "https://testapp.xinhucaifu.com/Public/images/009.png"
        },
        {
            "bankserial": "010",
            "bank_name": "浦发银行",
            "quota": "单笔限额5万，单日限额5万",
            "bankimage": "https://testapp.xinhucaifu.com/Public/images/010.png"
        },
        {
            "bankserial": "011",
            "bank_name": "兴业银行",
            "quota": "单笔限额5万， 单日限额5万",
            "bankimage": "https://testapp.xinhucaifu.com/Public/images/011.png"
        },
        {
            "bankserial": "012",
            "bank_name": "华夏银行",
            "quota": "单笔限额5万，单日限额5万",
            "bankimage": "https://testapp.xinhucaifu.com/Public/images/012.png"
        },
        {
            "bankserial": "014",
            "bank_name": "民生银行",
            "quota": "单笔限额5万，单日限额5万",
            "bankimage": "https://testapp.xinhucaifu.com/Public/images/014.png"
        },
        {
            "bankserial": "015",
            "bank_name": "中信银行",
            "quota": "单笔限额5万，单日限额5万，单月限额10万",
            "bankimage": "https://testapp.xinhucaifu.com/Public/images/015.png"
        },
        {
            "bankserial": "016",
            "bank_name": "广发银行",
            "bankimage": "https://testapp.xinhucaifu.com/Public/images/016.png"
        },
        {
            "bankserial": "017",
            "bank_name": "上海银行",
            "quota": "单笔限额5千，单日限额5万",
            "bankimage": "https://testapp.xinhucaifu.com/Public/images/017.png"
        },
        {
            "bankserial": "920",
            "bank_name": "平安银行",
            "quota": "单笔限额5万， 单日限额5万",
            "bankimage": "https://testapp.xinhucaifu.com/Public/images/920.png"
        },
        {
            "bankserial": "934",
            "bank_name": "邮储银行",
            "bankimage": "https://testapp.xinhucaifu.com/Public/images/934.png"
        }
    ]
}
